"","Chromosome","Start","End","Locus_name","bcov","mdcov"
"1",22,147620,147719,"GOLDEN_GENE1",82,3.70731707317073
"2",22,147970,148069,"GOLDEN_GENE2",91,4.27472527472527
"3",22,148490,148639,"GOLDEN_GENE3",64.6666666666667,2.47422680412371
"4",22,147820,147889,"UNWANTED_REGION1",100,53.1428571428571
"5",22,148190,148389,"UNWANTED_REGION2",97.5,72.6666666666667
